name,phone,rating,ratingCount,address,website,gstin,categories,yearsInBusiness,businessSummary,sourceUrl
Nca It Solution Web Development,08511318575,4,25 Ratings,"Office No 705, Iconic Corenthum, Near By Electronic City Metro Station, Vishwakarma Rd, Sector 62, Noida-201309, Uttar Pradesh",https://web.ncaitnoida.com/,,Internet Website Developers | Digital Marketing Services,6 Years in Business,,https://www.justdial.com/Noida/Nca-It-Solution-Web-Development-Near-By-Electronic-City-Metro-Station-Noida-Sector-62/011PXX11-XX11-250901132948-U5M3_BZDET?trkid=40847-delhi-fcat-cate&term=Software%20Companies%20in%20delhi&ncatid=10443565&area=&search=Innovative%20Solutions%20:%20Top%20Software%20Companies%20in%20Delhi&mncatname=Software%20Companies&ftterm=&csell=&oncatid=10443565&abd_btn=Get%20Verified%20Sellers&abd_heading=Software%20Companies&bd=1&cat_b2b_flag=1&searchfrom=lst&thumbnail=
Apaxion Technologies LLP,09606180062,5,1 Rating,"801 Tower 5 Nirala Estate, NIRALA ESTATE Society, Near Hanuman Mandir, Techzone IV, Techzone 4, Greater Noida-201318, Uttar Pradesh",,09**********1ZV,Computer Software Developers For Billing | Internet Website Developers,13 Years in Business,,https://www.justdial.com/Greater-Noida/Apaxion-Technologies-LLP-Near-Hanuman-Mandir-Techzone-4/011PXX11-XX11-260302140634-D1W9_BZDET?trkid=40847-delhi-fcat-cate&term=Software%20Companies%20in%20delhi&ncatid=10443565&area=&search=Innovative%20Solutions%20:%20Top%20Software%20Companies%20in%20Delhi&mncatname=Software%20Companies&ftterm=&csell=&oncatid=10443565&abd_btn=Get%20Verified%20Sellers&abd_heading=Software%20Companies&bd=1&cat_b2b_flag=1&searchfrom=lst&thumbnail=
7x Technologies,,4,26 Ratings,"VO-190, Wework Eldeco Centre, Block-A Shivalik Colony, Malviya Nagar, Delhi-110017",,07**********1ZS,Software Companies | Mobile Application Developers,15 Years in Business,,https://www.justdial.com/Delhi/7x-Technologies-Malviya-Nagar/011PXX11-XX11-240828143037-W8M9_BZDET?trkid=40847-delhi-fcat-cate&term=Software%20Companies%20in%20delhi&ncatid=10443565&area=&search=Innovative%20Solutions%20:%20Top%20Software%20Companies%20in%20Delhi&mncatname=Software%20Companies&ftterm=&csell=&oncatid=10443565&abd_btn=Get%20Verified%20Sellers&abd_heading=Software%20Companies&bd=1&cat_b2b_flag=1&searchfrom=lst&thumbnail=
LunarCode,07048759075,5,2 Ratings,"Office No.-804, Building Name- Om Towers, Near By Dominos and Bank Of Baroda, Commercial Belt, Alpha 1-Greater Noida, Greater Noida-201310, Uttar Pradesh",https://lunarcode.tech/,,Internet Website Developers | Internet Website Designers,3 Years in Business,,https://www.justdial.com/Greater-Noida/LunarCode-Near-By-Dominos-And-Bank-Of-Baroda-Alpha-1-Greater-Noida/011PXX11-XX11-260323152120-A4K8_BZDET?trkid=40847-delhi-fcat-cate&term=Software%20Companies%20in%20delhi&ncatid=10443565&area=&search=Innovative%20Solutions%20:%20Top%20Software%20Companies%20in%20Delhi&mncatname=Software%20Companies&ftterm=&csell=&oncatid=10443565&abd_btn=Get%20Verified%20Sellers&abd_heading=Software%20Companies&bd=1&cat_b2b_flag=1&searchfrom=lst&thumbnail=
Aks Websoft Consulting Pvt Ltd,09035190719,4,410 Ratings,"IThum Tower A, Electronic City Metro Station, Sector -62, Plot No A-40, Sector 62, Noida-201309, Uttar Pradesh",http://www.akswebsoft.com/,09**********1Z2,Software Companies | Internet Website Developers,22 Years in Business,Digital marketing service provider offering expertise in internet website development and mobile application design.,https://www.justdial.com/Noida/Aks-Websoft-Consulting-Pvt-Ltd-Electronic-City-Metro-Station-Sector-62-Noida-Sector-62/011PXX11-XX11-130227160439-J8C6_BZDET?trkid=40847-delhi-fcat-cate&term=Software%20Companies%20in%20delhi&ncatid=10443565&area=&search=Innovative%20Solutions%20:%20Top%20Software%20Companies%20in%20Delhi&mncatname=Software%20Companies&ftterm=&csell=&oncatid=10443565&abd_btn=Get%20Verified%20Sellers&abd_heading=Software%20Companies&bd=1&cat_b2b_flag=1&searchfrom=lst&thumbnail=
Dignifyd India Digital Pvt Ltd,09724934701,4,8 Ratings,"C - 64, Upper Ground Floor, C64, Near Nirulas Hotel, Sector 2, Noida-201301, Uttar Pradesh",http://www.dignifyd.io/,,Internet Website Developers | Internet Website Designers,8 Years in Business,,https://www.justdial.com/Noida/Dignifyd-India-Digital-Pvt-Ltd-Near-Nirulas-Hotel-Noida-Sector-2/011PXX11-XX11-251014165416-E8D6_BZDET?trkid=40847-delhi-fcat-cate&term=Software%20Companies%20in%20delhi&ncatid=10443565&area=&search=Innovative%20Solutions%20:%20Top%20Software%20Companies%20in%20Delhi&mncatname=Software%20Companies&ftterm=&csell=&oncatid=10443565&abd_btn=Get%20Verified%20Sellers&abd_heading=Software%20Companies&bd=1&cat_b2b_flag=1&searchfrom=lst&thumbnail=
Asharp Infotech,08147650278,4,32 Ratings,"500, 5th Floor, Itl Twin Tower, Netaji Subhash Place, Near Bikaner, Netaji Subhash Place, Shakurpur, Delhi-110034",,07**********1ZS,Digital Marketing Services | Internet Website Developers,8 Years in Business,"Digital solutions provider specializing in website design, software development, mobile apps, and digital marketing.",https://www.justdial.com/Delhi/Asharp-Infotech-Near-Bikaner-Shakurpur/011PXX11-XX11-240418001059-I7T5_BZDET?trkid=40847-delhi-fcat-cate&term=Software%20Companies%20in%20delhi&ncatid=10443565&area=&search=Innovative%20Solutions%20:%20Top%20Software%20Companies%20in%20Delhi&mncatname=Software%20Companies&ftterm=&csell=&oncatid=10443565&abd_btn=Get%20Verified%20Sellers&abd_heading=Software%20Companies&bd=1&cat_b2b_flag=1&searchfrom=lst&thumbnail=
Protech Consulting,08460242123,3,6 Ratings,"Near By Gd Goinka Public School, Street No 2, Pocket 11, Rohini Sector 22, Delhi-110085",,07**********1ZV,Internet Website Developers | Internet Website Designers,4 Years in Business,,https://www.justdial.com/Delhi/Protech-Consulting-Near-By-Gd-Goinka-Public-School-Rohini-Sector-22/011PXX11-XX11-251213011647-F2W9_BZDET?trkid=40847-delhi-fcat-cate&term=Software%20Companies%20in%20delhi&ncatid=10443565&area=&search=Innovative%20Solutions%20:%20Top%20Software%20Companies%20in%20Delhi&mncatname=Software%20Companies&ftterm=&csell=&oncatid=10443565&abd_btn=Get%20Verified%20Sellers&abd_heading=Software%20Companies&bd=1&cat_b2b_flag=1&searchfrom=lst&thumbnail=
MARG GLOBAL SOLUTION,09725341764,5,1 Rating,"Plot No C 13 Kaushik Enclave, NEAR OSCAR PUBLIC SCHOOL, DURGA MANDIR, 60FUTA ROAD, Burari, Delhi-110084",,07**********1Z8,Software Companies | Computer Software Developers,7 Years in Business,,https://www.justdial.com/Delhi/MARG-GLOBAL-SOLUTION-Durga-Mandir-Burari/011PXX11-XX11-260310125134-L1Z4_BZDET?trkid=40847-delhi-fcat-cate&term=Software%20Companies%20in%20delhi&ncatid=10443565&area=&search=Innovative%20Solutions%20:%20Top%20Software%20Companies%20in%20Delhi&mncatname=Software%20Companies&ftterm=&csell=&oncatid=10443565&abd_btn=Get%20Verified%20Sellers&abd_heading=Software%20Companies&bd=1&cat_b2b_flag=1&searchfrom=lst&thumbnail=
Robolabs AI,08460386725,5,14 Ratings,"Office No.-704, Building Name- DLF Palm Court, Near By Industrial Development Area, Mehrauli-Gurgaon Road, Sector 16, Gurgaon-122001, Haryana",http://www.robolabs.ai/,06**********1ZD,Artificial Intelligence Software Developers | Mobile Application Developers,,,https://www.justdial.com/Gurgaon/Robolabs-AI-Near-By-Industrial-Development-Area-Gurgaon-Sector-16/011PXX11-XX11-250403140251-R2D1_BZDET?trkid=40847-delhi-fcat-cate&term=Software%20Companies%20in%20delhi&ncatid=10443565&area=&search=Innovative%20Solutions%20:%20Top%20Software%20Companies%20in%20Delhi&mncatname=Software%20Companies&ftterm=&csell=&oncatid=10443565&abd_btn=Get%20Verified%20Sellers&abd_heading=Software%20Companies&bd=1&cat_b2b_flag=1&searchfrom=lst&thumbnail=
Glidedmatrix Technologies Pvt Ltd,08128364357,4,16 Ratings,"B-69, Office No-06 Basement, New Sector 15 Metro Station, Sector 2, Sector 2, Noida-201301, Uttar Pradesh",http://www.glidedmatrix.com/,,Internet Website Developers | Online Websites,8 Years in Business,,https://www.justdial.com/Noida/Glidedmatrix-Technologies-Pvt-Ltd-New-Sector-15-Metro-Station-Noida-Sector-2/011PXX11-XX11-251111182620-S5I3_BZDET?trkid=40847-delhi-fcat-cate&term=Software%20Companies%20in%20delhi&ncatid=10443565&area=&search=Innovative%20Solutions%20:%20Top%20Software%20Companies%20in%20Delhi&mncatname=Software%20Companies&ftterm=&csell=&oncatid=10443565&abd_btn=Get%20Verified%20Sellers&abd_heading=Software%20Companies&bd=1&cat_b2b_flag=1&searchfrom=lst&thumbnail=
Bitxia Tech,09054474157,4,4 Ratings,"Office No.751, 7th Floor, Tower B2, Spaze Itech Park, Sector 49, Gurgaon-122018, Haryana",,06**********1ZT,Internet Website Developers | Ethical Hacking Services,7 Years in Business,,https://www.justdial.com/Gurgaon/Bitxia-Tech-Gurgaon-Sector-49/011PXX11-XX11-251106114534-Z6W1_BZDET?trkid=40847-delhi-fcat-cate&term=Software%20Companies%20in%20delhi&ncatid=10443565&area=&search=Innovative%20Solutions%20:%20Top%20Software%20Companies%20in%20Delhi&mncatname=Software%20Companies&ftterm=&csell=&oncatid=10443565&abd_btn=Get%20Verified%20Sellers&abd_heading=Software%20Companies&bd=1&cat_b2b_flag=1&searchfrom=lst&thumbnail=
Encogix Technology Pvt Ltd,,4,10 Ratings,"1177, Gaur City Mall, Near Char Murti, Gaur City, Gaur Chowk, Greater Noida-201318, Uttar Pradesh",https://enxogix.com/,10**********1ZM,Internet Website Developers | Digital Marketing Services,3 Years in Business,,https://www.justdial.com/Greater-Noida/Encogix-Technology-Pvt-Ltd-Near-Char-Murti-Gaur-Chowk/011PXX11-XX11-260401160056-C9U3_BZDET?trkid=40847-delhi-fcat-cate&term=Software%20Companies%20in%20delhi&ncatid=10443565&area=&search=Innovative%20Solutions%20:%20Top%20Software%20Companies%20in%20Delhi&mncatname=Software%20Companies&ftterm=&csell=&oncatid=10443565&abd_btn=Get%20Verified%20Sellers&abd_heading=Software%20Companies&bd=1&cat_b2b_flag=1&searchfrom=lst&thumbnail=
Uniftec Solutions Private Limited,08401542816,3,2 Ratings,"Unit 906, 9th Floor, Sector 90, Opposite Purvanchal Society, Bhutani Alphathum, Sector 90, Noida-201305, Uttar Pradesh",https://uniftec.com/,06**********1Z4,Internet Website Developers | Internet Website Designers,8 Years in Business,,https://www.justdial.com/Noida/Uniftec-Solutions-Private-Limited-Opposite-Purvanchal-Society-Noida-Sector-90/011PXX11-XX11-260612171628-B1J5_BZDET?trkid=40847-delhi-fcat-cate&term=Software%20Companies%20in%20delhi&ncatid=10443565&area=&search=Innovative%20Solutions%20:%20Top%20Software%20Companies%20in%20Delhi&mncatname=Software%20Companies&ftterm=&csell=&oncatid=10443565&abd_btn=Get%20Verified%20Sellers&abd_heading=Software%20Companies&bd=1&cat_b2b_flag=1&searchfrom=lst&thumbnail=
3m Infocare,08511419406,4,151 Ratings,"Office -5, 1D/2BP, 2nd Floor, Office No.202, Workbox, NIT 5, Railway Road Near Hyundai Showroom Faridabad, Near Hardware Chowk, Railway Road, NIT, Faridabad-121001, Haryana",http://www.3minfocare.in/,06**********1ZZ,Computer Training Institutes | Institutes,23 Years in Business,,https://www.justdial.com/Faridabad/3m-Infocare-Near-Hardware-Chowk-Faridabad-Nit/011PXX11-XX11-120224182408-W4E7_BZDET?trkid=40847-delhi-fcat-cate&term=Software%20Companies%20in%20delhi&ncatid=10443565&area=&search=Innovative%20Solutions%20:%20Top%20Software%20Companies%20in%20Delhi&mncatname=Software%20Companies&ftterm=&csell=&oncatid=10443565&abd_btn=Get%20Verified%20Sellers&abd_heading=Software%20Companies&bd=1&cat_b2b_flag=1&searchfrom=lst&thumbnail=
Garg Web Infotech,08460452533,4,146 Ratings,"97, Shri Ram Nagar, Mungaska, Behind Neb, 97, Shri Ram Nagar, Mungaska, Ram Nagar, Alwar-301001, Rajasthan",http://www.gargwebinfotech.com/,CIN : U72900RJ2020PTC067971,Mobile Application Developers | Cibil Consultants,17 Years in Business,"Software company providing innovative solutions, full-service website design, development, mobile app development, and digital marketing solutions.",https://www.justdial.com/Alwar/Garg-Web-Infotech-Behind-Neb-Ram-Nagar/9999PX144-X144-190127114331-Y2N8_BZDET?trkid=40847-delhi-fcat-cate&term=Software%20Companies%20in%20delhi&ncatid=10443565&area=&search=Innovative%20Solutions%20:%20Top%20Software%20Companies%20in%20Delhi&mncatname=Software%20Companies&ftterm=&csell=&oncatid=10443565&abd_btn=Get%20Verified%20Sellers&abd_heading=Software%20Companies&bd=1&cat_b2b_flag=1&searchfrom=lst&thumbnail=
CWS Technology Pvt Ltd,08105389676,4,48 Ratings,"Office No 418 Tower B -, Near DMart, Sohna Road, Sector 47, Gurgaon-122018, Haryana",http://www.cwstechnology.com/,06**********1ZJ,Internet Website Developers | Internet Website Designers,17 Years in Business,Technology-driven internet website developer delivering innovative solutions that drive business growth with cutting-edge expertise.,https://www.justdial.com/Gurgaon/CWS-Technology-Pvt-Ltd-Near-Dmart-Gurgaon-Sector-47/011PXX11-XX11-121030140604-L5D6_BZDET?trkid=40847-delhi-fcat-cate&term=Software%20Companies%20in%20delhi&ncatid=10443565&area=&search=Innovative%20Solutions%20:%20Top%20Software%20Companies%20in%20Delhi&mncatname=Software%20Companies&ftterm=&csell=&oncatid=10443565&abd_btn=Get%20Verified%20Sellers&abd_heading=Software%20Companies&bd=1&cat_b2b_flag=1&searchfrom=lst&thumbnail=
